Hours,Predicted
2.5,26.8322482759644
5.1,51.58525212281735
3.2,33.49651854242481
8.5,83.95456484562507
3.5,36.35263437090784
